{"0": {"0": 0.9653175600854169, "1": 0.6683242933605428, "2": 0.5416282336001954, "3": 0.586827433026608, "4": 0.2962962962962963, "5": 0.6050469869225209, "6": 0.7686054447561993, "7": 0.9195823614350772, "8": 0.8079483358171883, "9": 0.8494116082707267, "10": 0.8804861580013504, "11": 0.6680790960451978, "12": 0.56039637792585, "13": 0.8495129324823648, "14": 0.7719489414694894, "15": 0.7741505662891406, "16": 0.5115820601281419, "17": 0.845907544526716, "18": 0.4779874213836478, "19": 0.47346938775510206, "20": 0.6504446887178975, "21": 0.5271145983733672, "22": 0.6406114927885709, "23": 0.2430939226519337, "24": 0.596874794826341, "25": 0.7538253756311678, "26": 0.8717364040588302, "27": 0.6859824893943497, "28": 0.8170565744280993, "29": 0.8104089219330854, "30": 0.6144596886079852, "31": 0.6634920634920635, "32": 0.6363636363636364, "33": 0.7561553518079737, "34": 0.041666666666666664, "35": 0.4527802294792586}, "1": {"0": 0.9615395270052723, "1": 0.5821249639402556, "2": 0.5243551168225453, "3": 0.31868797660085657, "4": 0.09408926417370325, "5": 0.6083738293695491, "6": 0.7396562040614312, "7": 0.5350929814037193, "8": 0.29175611850579647, "9": 0.581033262561925, "10": 0.27543776620918126, "11": 0.4597999258984809, "12": 0.6104428649535265, "13": 0.8277700887405357, "14": 0.45165501165501165, "15": 0.636522608043967, "16": 0.2764227642276423, "17": 0.5324375814699689, "18": 0.0, "19": 0.05849802371541502, "20": 0.5789457366744433, "21": 0.4988441784420366, "22": 0.3022635814889336, "23": 0.08849557522123894, "24": 0.5502237209000713, "25": 0.6862399137733746, "26": 0.5036212366074101, "27": 0.3411933565716629, "28": 0.6007642944696806, "29": 0.3660968660968661, "30": 0.4872679787333271, "31": 0.6460450729120636, "32": 0.284789644012945, "33": 0.5596811411789385, "34": 0.050505050505050504, "35": 0.11554160125588697}, "2": {"0": 0.9531768164968546, "1": 0.5970207097919991, "2": 0.4455509798717477, "3": 0.5450179042391234, "4": 0.3495440729483283, "5": 0.6493456256849978, "6": 0.7008626644604733, "7": 0.7409274784545934, "8": 0.23039480800432666, "9": 0.6453812771233726, "10": 0.6033630069238378, "11": 0.5665215287856797, "12": 0.470653996646171, "13": 0.8582587671261185, "14": 0.5565790749539417, "15": 0.6450304259634888, "16": 0.2981680353758686, "17": 0.7456533055700156, "18": 0.08421052631578947, "19": 0.2646728971962617, "20": 0.6013401122085538, "21": 0.44124733326549725, "22": 0.5695775070665633, "23": 0.5, "24": 0.6730701275338109, "25": 0.7302803000394789, "26": 0.7647512305046552, "27": 0.37346333192030523, "28": 0.6384217335058214, "29": 0.6255528255528255, "30": 0.5830574488802337, "31": 0.7243379571248424, "32": 0.2796271637816245, "33": 0.7612359550561798, "34": 0.0, "35": 0.3507020280811232}, "3": {"0": 0.9657163419527781, "1": 0.6621627387146739, "2": 0.564447993915193, "3": 0.6948506480005544, "4": 0.23353293413173654, "5": 0.6582081639865701, "6": 0.7774745297501822, "7": 0.8742811134115482, "8": 0.8087939964062996, "9": 0.8123642866266445, "10": 0.776829815895824, "11": 0.6570048309178744, "12": 0.7391362841383021, "13": 0.8939022327469553, "14": 0.587507316665273, "15": 0.6426837342749945, "16": 0.7734082397003745, "17": 0.6923457768095851, "18": 0.366412213740458, "19": 0.5315315315315315, "20": 0.6597844608201111, "21": 0.5475741999358641, "22": 0.7298899237933955, "23": 0.14390243902439023, "24": 0.5968894493484658, "25": 0.6971728901326346, "26": 0.8519783325482807, "27": 0.7578241430700448, "28": 0.8059414815289071, "29": 0.7547169811320755, "30": 0.5536873647411353, "31": 0.5987617335729978, "32": 0.5940023068050749, "33": 0.6953478797859202, "34": 0.04081632653061224, "35": 0.4508557457212714}, "4": {"0": 0.9567528238244496, "1": 0.6169881484255866, "2": 0.5256855609068655, "3": 0.6522786217117451, "4": 0.014354066985645933, "5": 0.56517235426138, "6": 0.6316552123871823, "7": 0.8548911017626072, "8": 0.777864077669903, "9": 0.76794550478761, "10": 0.7468099395567495, "11": 0.7205387205387206, "12": 0.15778994524639123, "13": 0.7255490857084482, "14": 0.43641322877599725, "15": 0.7526601520086862, "16": 0.6453831041257367, "17": 0.7135926773455378, "18": 0.03389830508474576, "19": 0.15542974781266083, "20": 0.6178894179207212, "21": 0.5252462014221736, "22": 0.5991583103860342, "23": 0.2402123424021234, "24": 0.6211376404494382, "25": 0.6719354550515081, "26": 0.7837312304202225, "27": 0.6774613809789689, "28": 0.6955495837976011, "29": 0.6834872719080874, "30": 0.5003351206434317, "31": 0.6916461916461917, "32": 0.4820951362907536, "33": 0.7259719476607361, "34": 0.0, "35": 0.17552742616033756}, "5": {"0": 0.9654635928381636, "1": 0.6778446841974759, "2": 0.5406294152006883, "3": 0.7763014957800618, "4": 0.20812182741116753, "5": 0.6868606350471635, "6": 0.794097518589433, "7": 0.8623579382390082, "8": 0.7645157927655583, "9": 0.8802182464154296, "10": 0.8684769775678867, "11": 0.6090744101633394, "12": 0.7494785631517961, "13": 0.8356353288825654, "14": 0.7615473956937372, "15": 0.8332501248127808, "16": 0.8478931140801644, "17": 0.7818991097922848, "18": 0.20725388601036268, "19": 0.18325581395348836, "20": 0.6637473356492805, "21": 0.5314032771092342, "22": 0.7423736044940624, "23": 0.3978779840848806, "24": 0.7723208415516107, "25": 0.8232168180897318, "26": 0.8716196652961955, "27": 0.7108324061899464, "28": 0.8208121827411168, "29": 0.8661059331666288, "30": 0.7531092881714739, "31": 0.8572057205720572, "32": 0.564652738565782, "33": 0.7699457784663052, "34": 0.046511627906976744, "35": 0.40503517215845986}, "6": {"0": 0.9565925216222044, "1": 0.6258034255641369, "2": 0.4418325524672538, "3": 0.8115267247616951, "4": 0.25118483412322273, "5": 0.5650670125378296, "6": 0.6093142195530308, "7": 0.8161118594060676, "8": 0.7271476086707191, "9": 0.7594982078853046, "10": 0.7127630500136649, "11": 0.5522614152780784, "12": 0.5825242718446602, "13": 0.7884603028420895, "14": 0.5272357236920867, "15": 0.5906735751295337, "16": 0.4910086004691165, "17": 0.5929589073354528, "18": 0.3384615384615385, "19": 0.17272104180945852, "20": 0.6293407126442265, "21": 0.4412355629707088, "22": 0.8001756215355909, "23": 0.22357615894039734, "24": 0.5286612494025076, "25": 0.6613950079400627, "26": 0.8018000391312855, "27": 0.6119044898891809, "28": 0.6526160103531152, "29": 0.6876727473742399, "30": 0.4073275862068966, "31": 0.5705003248862898, "32": 0.6551724137931034, "33": 0.6266538369016117, "34": 0.24390243902439024, "35": 0.1976558337773042}, "7": {"0": 0.960926573754326, "1": 0.60655178593106, "2": 0.5265286657084935, "3": 0.39135535337209, "4": 0.11089494163424124, "5": 0.7264147518966205, "6": 0.7988192410742102, "7": 0.6762344928241304, "8": 0.31316397228637416, "9": 0.6879927911691822, "10": 0.569895096364967, "11": 0.6584463625154131, "12": 0.5438378089987551, "13": 0.8641888476163263, "14": 0.3957162549040399, "15": 0.49820359281437127, "16": 0.6595492289442467, "17": 0.6742263671047054, "18": 0.233502538071066, "19": 0.13834726090993502, "20": 0.5886001300277891, "21": 0.5000016759795263, "22": 0.3731065159894205, "23": 0.11734548561663344, "24": 0.6564846165170029, "25": 0.7763407161400473, "26": 0.7126451052206841, "27": 0.44936358605423354, "28": 0.6535927685000766, "29": 0.6735956446424153, "30": 0.3533319048639383, "31": 0.47914438502673795, "32": 0.524567474048443, "33": 0.7727172230820252, "34": 0.1652892561983471, "35": 0.08640674394099052}, "8": {"0": 0.962965829359628, "1": 0.645333255278318, "2": 0.5348062275985663, "3": 0.6110394793393504, "4": 0.09749303621169916, "5": 0.6663029311024219, "6": 0.7254649509931607, "7": 0.8949243098842387, "8": 0.7469361427649968, "9": 0.8076084322752605, "10": 0.8277858176555717, "11": 0.7132963988919667, "12": 0.561116785835887, "13": 0.8323825986747335, "14": 0.6542981867024849, "15": 0.7612262521588946, "16": 0.5398187887458273, "17": 0.7172541743970315, "18": 0.4827586206896552, "19": 0.0745880312228968, "20": 0.6365808574906452, "21": 0.5134135398054398,